id,__name,delivery_type,destination_address,extension,instance,model_name,custom_name,last_activity,options
87,900.eNOMNIM3RKiHlrP1rrauRA:APA91bGUjAX2LTE6ZgxeIHGHQNfaXDkrcbE9EUqHrFNlodkI5GGpxWuuEplB1JD6w3l2qXp1BeNkRRjgNHH5XqujtQELnMU7hrXMD6Ewd-s1T0-X-CO9I7g4RvtuaxTkJPqs99ckl312,A,eNOMNIM3RKiHlrP1rrauRA:APA91bGUjAX2LTE6ZgxeIHGHQNfaXDkrcbE9EUqHrFNlodkI5GGpxWuuEplB1JD6w3l2qXp1BeNkRRjgNHH5XqujtQELnMU7hrXMD6Ewd-s1T0-X-CO9I7g4RvtuaxTkJPqs99ckl312,900,profile.93eddbd6-8c7a-48df-b34b-f4bc4e9050b5,motorola moto g(60),"",2023-03-08 12:59:21,""
92,100.wap9a6sbdjZ/wS2yxYkh8JAMJMqPRfV8QrfwvMnJ65A=,IV,wap9a6sbdjZ/wS2yxYkh8JAMJMqPRfV8QrfwvMnJ65A=,100,ebd49ccb-e3d6-4305-8301-790412c42e23,"iPhone15,2",iPhone,2023-03-08 12:34:27,""
90,600.cgPtpGmTqKU:APA91bEKT8zrNoT0ij78zOkpgfkBqYuIJ3HPTRVUS9LmYaq8ZsxcbqS7l214vdB3KrVLqqmYs3oLpkS6UzNxZik-sIRSaajXLoeqH0NvGxHDvkDER70IWSK_x0rkY9rW5wDdYCCQN6rT,A,cgPtpGmTqKU:APA91bEKT8zrNoT0ij78zOkpgfkBqYuIJ3HPTRVUS9LmYaq8ZsxcbqS7l214vdB3KrVLqqmYs3oLpkS6UzNxZik-sIRSaajXLoeqH0NvGxHDvkDER70IWSK_x0rkY9rW5wDdYCCQN6rT,600,profile.ba830ac0-a83f-4660-97d8-9dbd267fd161,Xiaomi Redmi Note 9S,"",2023-03-08 01:39:10,""
95,200.SCw7HkuD+TfbAItcqrV9CavzshACE1DRsbhilKvO0FE=,IS,SCw7HkuD+TfbAItcqrV9CavzshACE1DRsbhilKvO0FE=,200,aa5ab115-5fe1-4579-8a8f-a602d1f480a2,"iPhone15,3",iPhone,2023-03-08 12:29:57,""
96,200.x0d8uqvL3nKqMMQRX1V+VIZRz8Z4I5sw4slLJFQ2UFM=,IV,x0d8uqvL3nKqMMQRX1V+VIZRz8Z4I5sw4slLJFQ2UFM=,200,aa5ab115-5fe1-4579-8a8f-a602d1f480a2,"iPhone15,3",iPhone,2023-03-08 12:29:57,""
91,100.ejM3Vv3C+sJDZ3H9V8JiaD8+zbAG0mhQ/mDegiXm3PM=,IS,ejM3Vv3C+sJDZ3H9V8JiaD8+zbAG0mhQ/mDegiXm3PM=,100,ebd49ccb-e3d6-4305-8301-790412c42e23,"iPhone15,2",iPhone,2023-03-08 12:34:27,""
