id,name,idstat,pin,startat,target,numbertocall,email,description,emailtext,__name,fkiddn,endat,interaction,internalparticipants,pv_sequence,pv_organizer_name,pv_organizer_email,pv_sent_to,pv_meeting_objects,pv_external_user,pv_external_pass,pv_meeting_type,pv_version
9,quick meeting,{37b8a696-d14b-4abd-8309-e9471db5759e},*800,2021-01-21 17:39:13,800,"","","","",*800,,2021-01-21 17:39:13,0,"",0,,,,"{""documentlist"":null,""friendlyname"":""sidmarpall"",""logo"":""LOGO:860a7e923a9a88ddd07dcf0644e39879"",""meetingid"":""202101210534137038a8881354912df9f160023a9ab2fe"",""meetingprofile"":""0"",""openlink"":""2b70d08a934d7d9d35b8f2e25faa4255f862c651"",""organizer"":{""email"":""spall@duartemoral.com"",""key"":""9SQM--ubFg9GoWGogzIlY6o5"",""moderator"":1,""name"":""Sidmar Pall"",""pbx_extension"":""800""},""params"":{""bitrate_data"":0,""bitrate_video"":0,""canchangemedia"":1,""clicktocall"":0,""forcemoderator"":0,""hideparticipants"":0,""mcu"":"""",""meetingduration"":60,""meetingstart"":""2021-01-21 17:39:13"",""meetingtitle"":""quick meeting"",""moderateparticipants"":0,""needorganizer"":1,""note"":"""",""org_properties"":""AVT"",""part_properties"":""AVT"",""privaterooms"":0,""quickmeeting"":1,""video_format"":null},""participants"":[],""pbx_link"":{""pass"":""3g2czvkj"",""user"":""1nftaok1w9""},""pollingobj"":null,""theme"":""gray""}",1nftaok1w9,3g2czvkj,1,12
10,quick meeting,{8525a742-d0ea-499b-844d-506e31592166},*900,2021-02-09 14:23:00,900,"","","","",*900,,2021-02-09 14:23:00,0,"",0,,,,"{""documentlist"":null,""friendlyname"":""yasmimlima"",""logo"":""LOGO:860a7e923a9a88ddd07dcf0644e39879"",""meetingid"":""2021020902180074c69dc68d2a03958907d6ac1d447ddf"",""meetingprofile"":""0"",""openlink"":""e16134f471b05b218de5d26acce081cf5640df57"",""organizer"":{""email"":""ylima@duartemoral.com"",""key"":""Ur0oGebD45YWzttJ7rAwFxK_"",""moderator"":1,""name"":""Yasmim Lima"",""pbx_extension"":""900""},""params"":{""bitrate_data"":0,""bitrate_video"":0,""canchangemedia"":1,""clicktocall"":0,""forcemoderator"":0,""hideparticipants"":0,""mcu"":"""",""meetingduration"":60,""meetingstart"":""2021-02-09 14:23:00"",""meetingtitle"":""quick meeting"",""moderateparticipants"":0,""needorganizer"":1,""note"":"""",""org_properties"":""AVT"",""part_properties"":""AVT"",""privaterooms"":0,""quickmeeting"":1,""video_format"":null},""participants"":[],""pbx_link"":{""pass"":""zczdyurd8evjepy"",""user"":""ry557gk420od""},""pollingobj"":null,""theme"":""gray""}",ry557gk420od,zczdyurd8evjepy,1,12
12,quick meeting,{48fbf3fe-53a8-4083-be47-ed6041cbdb0b},*300,2021-07-27 21:56:15,300,"","","","",*300,,2021-07-27 21:56:15,0,"",0,,,,"{""documentlist"":null,""friendlyname"":""anacarolinamakul"",""logo"":""LOGO:1972eeb8de7da07848b17dd210c95c28"",""meetingid"":""20210727095115715925f1b8c9635f0283bf893e6a82ed"",""meetingprofile"":""0"",""openlink"":""0a8f17701f1e99d8c47c3206ae03e77fdb99cd81"",""organizer"":{""email"":""amakul@duartemoral.com"",""key"":""Am30GSDHQrc4xw_f_8hCIvvY"",""moderator"":1,""name"":""Ana Carolina Makul"",""pbx_extension"":""300""},""params"":{""bitrate_data"":0,""bitrate_video"":0,""canchangemedia"":1,""clicktocall"":0,""forcemoderator"":0,""hideparticipants"":0,""mcu"":"""",""meetingduration"":60,""meetingstart"":""2021-07-27 21:56:15"",""meetingtitle"":""quick meeting"",""moderateparticipants"":0,""needorganizer"":1,""note"":"""",""org_properties"":""AVT"",""part_properties"":""AVT"",""privaterooms"":0,""quickmeeting"":1,""video_format"":null},""participants"":[],""pbx_link"":{""pass"":""9uns0bpmm"",""user"":""wrm4j5jio""},""pollingobj"":null,""theme"":""gray""}",wrm4j5jio,9uns0bpmm,1,12
2,quick meeting,{1c1d17cb-722d-45fc-984c-4acb95429a0f},*100,2020-08-02 18:58:30,100,"","","","",*100,,2020-08-02 18:58:30,0,"",0,,,,"{""documentlist"":null,""friendlyname"":""pedrowagnerduarte"",""logo"":""LOGO:062f2952cdc334774baa5b292a04bde0"",""meetingid"":""20200802065330386713e72d85c730bc99750d6ecaaf3f"",""meetingprofile"":""0"",""openlink"":""5edf63aa2cb8b0d8d7c0b1151694d12d72a76615"",""organizer"":{""email"":""pwduarte@duartemoral.com"",""key"":""hvNaZGsFcG57fKNnPtzjgZ53"",""moderator"":1,""name"":""Pedro Wagner Duarte"",""pbx_extension"":""100""},""params"":{""bitrate_data"":0,""bitrate_video"":0,""canchangemedia"":1,""clicktocall"":0,""forcemoderator"":0,""hideparticipants"":0,""mcu"":"""",""meetingduration"":60,""meetingstart"":""2020-08-02 18:58:30"",""meetingtitle"":""quick meeting"",""moderateparticipants"":0,""needorganizer"":1,""note"":"""",""org_properties"":""AVT"",""part_properties"":""AVT"",""privaterooms"":0,""quickmeeting"":1,""video_format"":null},""participants"":[],""pbx_link"":{""pass"":""5bhzpp7jal01j"",""user"":""09drv0x92fzq""},""pollingobj"":null,""theme"":""gray""}",09drv0x92fzq,5bhzpp7jal01j,1,12
1,quick meeting,{bead6e94-9f52-4b4c-8d30-328a0a4cf44c},*000,2020-07-26 16:57:43,000,"","","","",*000,,2020-07-26 16:57:43,0,"",0,,,,"{""documentlist"":null,""friendlyname"":""duartemoraladvogados"",""logo"":""LOGO:738011399736e802f5b02e79db0e497a"",""meetingid"":""20200726045243380727d09eb51c2251e68bdf743229a5"",""meetingprofile"":""Webmeeting"",""openlink"":""9f681b8a79fc7d9bff9ebb10bc446188008f559a"",""organizer"":{""email"":""adm@duartemoral.com"",""key"":""aUkZ4i7RxXt87cdaJcAyAhSd"",""moderator"":1,""name"":""Duarte Moral Advogados"",""pbx_extension"":""000""},""params"":{""bitrate_data"":1024,""bitrate_video"":1024,""canchangemedia"":1,""clicktocall"":0,""forcemoderator"":0,""hideparticipants"":0,""mcu"":"""",""meetingduration"":60,""meetingstart"":""2020-07-26 16:57:43"",""meetingtitle"":""quick meeting"",""moderateparticipants"":0,""needorganizer"":1,""note"":"""",""org_properties"":""AVT"",""part_properties"":""AVT"",""privaterooms"":0,""quickmeeting"":1,""video_format"":""1280x720""},""participants"":[],""pbx_link"":{""pass"":""ihjvj8chr7bf"",""user"":""m3l2ti719ecdi""},""pollingobj"":null,""theme"":""gray""}",m3l2ti719ecdi,ihjvj8chr7bf,1,12
3,quick meeting,{013f5c4a-52dd-4f82-a620-47885334efc2},*200,2020-08-02 18:59:38,200,"","","","",*200,,2020-08-02 18:59:38,0,"",0,,,,"{""documentlist"":null,""friendlyname"":""pedrohenriquemoral"",""logo"":""LOGO:062f2952cdc334774baa5b292a04bde0"",""meetingid"":""202008020654384ef1d9232c0c26fb43f7f907ef27fcdd"",""meetingprofile"":""0"",""openlink"":""f58387f0da6e9643bee60b85d5984e063c1828b9"",""organizer"":{""email"":""phmoral@duartemoral.com"",""key"":""MyOQCHybosWMHsfXL4sVYM1i"",""moderator"":1,""name"":""Pedro Henrique Moral"",""pbx_extension"":""200""},""params"":{""bitrate_data"":0,""bitrate_video"":0,""canchangemedia"":1,""clicktocall"":0,""forcemoderator"":0,""hideparticipants"":0,""mcu"":"""",""meetingduration"":60,""meetingstart"":""2020-08-02 18:59:38"",""meetingtitle"":""quick meeting"",""moderateparticipants"":0,""needorganizer"":1,""note"":"""",""org_properties"":""AVT"",""part_properties"":""AVT"",""privaterooms"":0,""quickmeeting"":1,""video_format"":null},""participants"":[],""pbx_link"":{""pass"":""a6exmerpc3"",""user"":""1a046daem""},""pollingobj"":null,""theme"":""gray""}",1a046daem,a6exmerpc3,1,12
5,quick meeting,{a5b20f57-6716-4552-b87d-c2f89de232d1},*400,2020-08-02 19:03:25,400,"","","","",*400,,2020-08-02 19:03:25,0,"",0,,,,"{""documentlist"":null,""friendlyname"":""anabeatrizmoral"",""logo"":""LOGO:062f2952cdc334774baa5b292a04bde0"",""meetingid"":""20200802065825b04a710af0032cad7cc5d9408142135d"",""meetingprofile"":""0"",""openlink"":""99eb4a06cd40292822c5fe6f1b3740afb1b4074c"",""organizer"":{""email"":""anabduarte@duartemoral.com"",""key"":""e9LopnRAGa3x8865U5KZ31Ot"",""moderator"":1,""name"":""Ana Beatriz Moral"",""pbx_extension"":""400""},""params"":{""bitrate_data"":0,""bitrate_video"":0,""canchangemedia"":1,""clicktocall"":0,""forcemoderator"":0,""hideparticipants"":0,""mcu"":"""",""meetingduration"":60,""meetingstart"":""2020-08-02 19:03:25"",""meetingtitle"":""quick meeting"",""moderateparticipants"":0,""needorganizer"":1,""note"":"""",""org_properties"":""AVT"",""part_properties"":""AVT"",""privaterooms"":0,""quickmeeting"":1,""video_format"":null},""participants"":[],""pbx_link"":{""pass"":""xb5k3rky9f6z"",""user"":""f588ke1t""},""pollingobj"":null,""theme"":""gray""}",f588ke1t,xb5k3rky9f6z,1,12
7,quick meeting,{9ad2ce36-d007-430a-b726-f192f38fbc23},*600,2020-08-10 12:10:57,600,"","","","",*600,,2020-08-10 12:10:57,0,"",0,,,,"{""documentlist"":null,""friendlyname"":""marianapolido"",""logo"":""LOGO:062f2952cdc334774baa5b292a04bde0"",""meetingid"":""20200810120557be8be5914c63ce509804f2fe65e20087"",""meetingprofile"":""0"",""openlink"":""dae582f6ca887db513fee488ba89e2b1a7deff35"",""organizer"":{""email"":""mpolido@duartemoral.com"",""key"":""HWov6CC0r5tyDLqjSKUzX_jm"",""moderator"":1,""name"":""Mariana Polido"",""pbx_extension"":""600""},""params"":{""bitrate_data"":0,""bitrate_video"":0,""canchangemedia"":1,""clicktocall"":0,""forcemoderator"":0,""hideparticipants"":0,""mcu"":"""",""meetingduration"":60,""meetingstart"":""2020-08-10 12:10:57"",""meetingtitle"":""quick meeting"",""moderateparticipants"":0,""needorganizer"":1,""note"":"""",""org_properties"":""AVT"",""part_properties"":""AVT"",""privaterooms"":0,""quickmeeting"":1,""video_format"":null},""participants"":[],""pbx_link"":{""pass"":""pwub9g92nqgdj"",""user"":""uibhp4d8bbv1y""},""pollingobj"":null,""theme"":""gray""}",uibhp4d8bbv1y,pwub9g92nqgdj,1,12
