﻿<?xml version="1.0" encoding="utf-8"?>
<Mappings>
    <DNMappings>
        <DN No="*0" ID="1" />
        <DN No="*1" ID="2" />
        <DN No="*777" ID="3" />
        <DN No="*888" ID="4" />
        <DN No="SP0" ID="5" />
        <DN No="SP1" ID="6" />
        <DN No="SP2" ID="7" />
        <DN No="SP3" ID="8" />
        <DN No="SP4" ID="9" />
        <DN No="SP5" ID="10" />
        <DN No="SP6" ID="11" />
        <DN No="SP7" ID="12" />
        <DN No="SP8" ID="13" />
        <DN No="SP9" ID="14" />
        <DN No="SP10" ID="15" />
        <DN No="HOL" ID="16" />
        <DN No="777" ID="17" />
        <DN No="888" ID="18" />
        <DN No="999" ID="19" />
        <DN No="700" ID="20" />
        <DN No="000" ID="21" />
        <DN No="90000" ID="22" />
        <DN No="QCB" ID="23" />
        <DN No="100" ID="24" />
        <DN No="200" ID="25" />
        <DN No="400" ID="27" />
        <DN No="998" ID="31" />
        <DN No="899" ID="32" />
        <DN No="898" ID="33" />
        <DN No="897" ID="34" />
        <DN No="896" ID="35" />
        <DN No="886" ID="36" />
        <DN No="885" ID="37" />
        <DN No="895" ID="38" />
        <DN No="884" ID="39" />
        <DN No="600" ID="40" />
        <DN No="10002" ID="41" />
        <DN No="10003" ID="43" />
        <DN No="800" ID="44" />
        <DN No="10004" ID="45" />
        <DN No="10005" ID="46" />
        <DN No="10006" ID="47" />
        <DN No="900" ID="48" />
        <DN No="801" ID="50" />
        <DN No="802" ID="51" />
        <DN No="300" ID="52" />
        <DN No="10007" ID="53" />
        <DN No="10008" ID="54" />
        <DN No="GRP2" ID="55" />
        <DN No="10009" ID="56" />
        <DN No="10000" ID="61" />
    </DNMappings>
    <GroupMappings>
        <Group Name="__DEFAULT__" ID="55" />
    </GroupMappings>
</Mappings>