id,name,idstat,pin,startat,target,numbertocall,email,description,emailtext,__name,fkiddn,endat,interaction,internalparticipants,pv_sequence,pv_organizer_name,pv_organizer_email,pv_sent_to,pv_meeting_objects,pv_external_user,pv_external_pass,pv_meeting_type
2,quick meeting,{504258cf-0f71-4490-97d8-a5d66562d575},*1001,2023-02-13 17:27:28,1001,"","","","",*1001,,2023-02-13 17:27:28,0,"",0,,,,"{""documentlist"":null,""friendlyname"":null,""logo"":""LOGO:a0e76536aac0e33c4b18741721576fdc"",""meetingid"":""2023021305222865b67efc73adc5cd2e7315f46b654267"",""meetingprofile"":""0"",""openlink"":""daeecf99cb3b1c1cf4b04aef71807b23d2994d39"",""organizer"":{""email"":""craigwyatt321@gmail.com"",""key"":""puWDhqVAAFtCx1PQAZMWs5Vg"",""moderator"":1,""name"":"""",""pbx_extension"":""1001""},""params"":{""bitrate_data"":0,""bitrate_video"":0,""canchangemedia"":1,""clicktocall"":0,""forcemoderator"":0,""hideparticipants"":0,""mcu"":"""",""meetingduration"":60,""meetingstart"":""2023-02-13 17:27:28"",""meetingtitle"":""quick meeting"",""moderateparticipants"":0,""needorganizer"":1,""note"":"""",""org_properties"":""AVT"",""part_properties"":""AVT"",""privaterooms"":0,""quickmeeting"":1,""video_format"":null},""participants"":[],""pbx_link"":{""pass"":""beio017l9zcv"",""user"":""jgbkq28366dkwnf""},""pollingobj"":null,""theme"":""gray""}",jgbkq28366dkwnf,beio017l9zcv,1
4,quick meeting,{130efd2f-60e8-46d9-bfbe-50aa92a114e4},*1003,2023-02-13 17:27:43,1003,"","","","",*1003,,2023-02-13 17:27:43,0,"",0,,,,"{""documentlist"":null,""friendlyname"":null,""logo"":""LOGO:a0e76536aac0e33c4b18741721576fdc"",""meetingid"":""20230213052243f0c2930c320ab1dde54637fce1c6eb99"",""meetingprofile"":""0"",""openlink"":""0b6e99ffa43690b4dbd1abea373c79cef7da7b0c"",""organizer"":{""email"":""craigwyatt321@gmail.com"",""key"":""FrJXw3keVSKOkwqs0JWtzves"",""moderator"":1,""name"":"""",""pbx_extension"":""1003""},""params"":{""bitrate_data"":0,""bitrate_video"":0,""canchangemedia"":1,""clicktocall"":0,""forcemoderator"":0,""hideparticipants"":0,""mcu"":"""",""meetingduration"":60,""meetingstart"":""2023-02-13 17:27:43"",""meetingtitle"":""quick meeting"",""moderateparticipants"":0,""needorganizer"":1,""note"":"""",""org_properties"":""AVT"",""part_properties"":""AVT"",""privaterooms"":0,""quickmeeting"":1,""video_format"":null},""participants"":[],""pbx_link"":{""pass"":""hvu9vtjk65yc"",""user"":""vvqge2a3q0bdw""},""pollingobj"":null,""theme"":""gray""}",vvqge2a3q0bdw,hvu9vtjk65yc,1
5,quick meeting,{156f596d-c451-4011-be60-b230842fc2fe},*1004,2023-02-13 17:27:53,1004,"","","","",*1004,,2023-02-13 17:27:53,0,"",0,,,,"{""documentlist"":null,""friendlyname"":null,""logo"":""LOGO:a0e76536aac0e33c4b18741721576fdc"",""meetingid"":""20230213052253fc0ac0fe8d63d18a4137c67c02e867c4"",""meetingprofile"":""0"",""openlink"":""9a5f1d2062b4780135ea4c65e7aa56eebfd8b734"",""organizer"":{""email"":""craigwyatt321@gmail.com"",""key"":""gqlp1cPrNmwXZ5JHoSpXJDWl"",""moderator"":1,""name"":"""",""pbx_extension"":""1004""},""params"":{""bitrate_data"":0,""bitrate_video"":0,""canchangemedia"":1,""clicktocall"":0,""forcemoderator"":0,""hideparticipants"":0,""mcu"":"""",""meetingduration"":60,""meetingstart"":""2023-02-13 17:27:53"",""meetingtitle"":""quick meeting"",""moderateparticipants"":0,""needorganizer"":1,""note"":"""",""org_properties"":""AVT"",""part_properties"":""AVT"",""privaterooms"":0,""quickmeeting"":1,""video_format"":null},""participants"":[],""pbx_link"":{""pass"":""fozaiotxp45cs"",""user"":""yycaum4l4xc""},""pollingobj"":null,""theme"":""gray""}",yycaum4l4xc,fozaiotxp45cs,1
7,quick meeting,{ea349a7c-c808-4ca3-b2a1-46c1a1703825},*1006,2023-02-13 17:28:13,1006,"","","","",*1006,,2023-02-13 17:28:13,0,"",0,,,,"{""documentlist"":null,""friendlyname"":null,""logo"":""LOGO:a0e76536aac0e33c4b18741721576fdc"",""meetingid"":""20230213052313dd3402946e204d61a201c36466cd4098"",""meetingprofile"":""0"",""openlink"":""f875d8a6de72d6dd7e29e6b596b7790cc260c47f"",""organizer"":{""email"":""craigwyatt321@gmail.com"",""key"":""2EnPyPb-ApTYIHAQppc22siW"",""moderator"":1,""name"":"""",""pbx_extension"":""1006""},""params"":{""bitrate_data"":0,""bitrate_video"":0,""canchangemedia"":1,""clicktocall"":0,""forcemoderator"":0,""hideparticipants"":0,""mcu"":"""",""meetingduration"":60,""meetingstart"":""2023-02-13 17:28:13"",""meetingtitle"":""quick meeting"",""moderateparticipants"":0,""needorganizer"":1,""note"":"""",""org_properties"":""AVT"",""part_properties"":""AVT"",""privaterooms"":0,""quickmeeting"":1,""video_format"":null},""participants"":[],""pbx_link"":{""pass"":""8u9141exwlb89n"",""user"":""ik5zgd8n""},""pollingobj"":null,""theme"":""gray""}",ik5zgd8n,8u9141exwlb89n,1
1,quick meeting,{fc360036-c66b-4c18-90b1-fff6e5a8795c},*1000,2023-02-13 16:35:44,1000,"","","","",*1000,,2023-02-13 16:35:44,0,"",0,,,,"{""documentlist"":null,""friendlyname"":""webmeeting579646"",""logo"":""LOGO:39b04e96e6cf5c0cc9964909c888cd08"",""meetingid"":""2023021304304469c8d02d85fd7464f796431157c7b8a2"",""meetingprofile"":""0"",""openlink"":""bdc739474cbba4470477ff5eea36cfee2ca9dc0f"",""organizer"":{""email"":""craigwyatt321@gmail.com"",""key"":""-P7DUNx24dN-DWiaEvd1S6ey"",""moderator"":1,""name"":"""",""pbx_extension"":""1000""},""params"":{""bitrate_data"":0,""bitrate_video"":0,""canchangemedia"":1,""clicktocall"":0,""forcemoderator"":0,""hideparticipants"":0,""mcu"":"""",""meetingduration"":60,""meetingstart"":""2023-02-13 16:35:44"",""meetingtitle"":""quick meeting"",""moderateparticipants"":0,""needorganizer"":1,""note"":"""",""org_properties"":""AVT"",""part_properties"":""AVT"",""privaterooms"":0,""quickmeeting"":1,""video_format"":null},""participants"":[],""pbx_link"":{""pass"":""paaiac1czof8"",""user"":""5xnbdcxls1""},""pollingobj"":null,""theme"":""gray""}",5xnbdcxls1,paaiac1czof8,1
3,quick meeting,{002765c5-3440-4440-a590-0a3f541a93f7},*1002,2023-02-13 17:27:35,1002,"","","","",*1002,,2023-02-13 17:27:35,0,"",0,,,,"{""documentlist"":null,""friendlyname"":null,""logo"":""LOGO:a0e76536aac0e33c4b18741721576fdc"",""meetingid"":""20230213052235c1508583fd0cdcf9491f22bbe35fb367"",""meetingprofile"":""0"",""openlink"":""89a9081b77f0186c98eef6014d588967ec81acc6"",""organizer"":{""email"":""craigwyatt321@gmail.com"",""key"":""tg-v-QLcjKPKeWYBHCT70xkp"",""moderator"":1,""name"":"""",""pbx_extension"":""1002""},""params"":{""bitrate_data"":0,""bitrate_video"":0,""canchangemedia"":1,""clicktocall"":0,""forcemoderator"":0,""hideparticipants"":0,""mcu"":"""",""meetingduration"":60,""meetingstart"":""2023-02-13 17:27:35"",""meetingtitle"":""quick meeting"",""moderateparticipants"":0,""needorganizer"":1,""note"":"""",""org_properties"":""AVT"",""part_properties"":""AVT"",""privaterooms"":0,""quickmeeting"":1,""video_format"":null},""participants"":[],""pbx_link"":{""pass"":""hev8dc5u58m5x"",""user"":""s5w7shr8zun""},""pollingobj"":null,""theme"":""gray""}",s5w7shr8zun,hev8dc5u58m5x,1
6,quick meeting,{6455a2cc-1b7e-47d8-b2a0-9781f42fda0f},*1005,2023-02-13 17:28:02,1005,"","","","",*1005,,2023-02-13 17:28:02,0,"",0,,,,"{""documentlist"":null,""friendlyname"":null,""logo"":""LOGO:a0e76536aac0e33c4b18741721576fdc"",""meetingid"":""202302130523026b87a64b479a5fa45a107c577d18e7b1"",""meetingprofile"":""0"",""openlink"":""451b76a09ab90851e299eb681e2077f9f7ec7a0a"",""organizer"":{""email"":""craigwyatt321@gmail.com"",""key"":""li7LBi5UHAGMlm8PTAsSBCEd"",""moderator"":1,""name"":"""",""pbx_extension"":""1005""},""params"":{""bitrate_data"":0,""bitrate_video"":0,""canchangemedia"":1,""clicktocall"":0,""forcemoderator"":0,""hideparticipants"":0,""mcu"":"""",""meetingduration"":60,""meetingstart"":""2023-02-13 17:28:02"",""meetingtitle"":""quick meeting"",""moderateparticipants"":0,""needorganizer"":1,""note"":"""",""org_properties"":""AVT"",""part_properties"":""AVT"",""privaterooms"":0,""quickmeeting"":1,""video_format"":null},""participants"":[],""pbx_link"":{""pass"":""3i8rxuqq7ip45v"",""user"":""k7pxkdhl""},""pollingobj"":null,""theme"":""gray""}",k7pxkdhl,3i8rxuqq7ip45v,1
9,quick meeting,{20907509-cdb0-4985-a028-b36d1e396e91},*1008,2023-02-13 17:28:27,1008,"","","","",*1008,,2023-02-13 17:28:27,0,"",0,,,,"{""documentlist"":null,""friendlyname"":null,""logo"":""LOGO:a0e76536aac0e33c4b18741721576fdc"",""meetingid"":""20230213052327b238705ace0d9dc2634cf01d64eb8941"",""meetingprofile"":""0"",""openlink"":""ac8a520dcd2be570bef5c1f0238501e23d62b5b5"",""organizer"":{""email"":""craigwyatt321@gmail.com"",""key"":""qTh248KNI0Pn2f1lV0AtoNOw"",""moderator"":1,""name"":"""",""pbx_extension"":""1008""},""params"":{""bitrate_data"":0,""bitrate_video"":0,""canchangemedia"":1,""clicktocall"":0,""forcemoderator"":0,""hideparticipants"":0,""mcu"":"""",""meetingduration"":60,""meetingstart"":""2023-02-13 17:28:27"",""meetingtitle"":""quick meeting"",""moderateparticipants"":0,""needorganizer"":1,""note"":"""",""org_properties"":""AVT"",""part_properties"":""AVT"",""privaterooms"":0,""quickmeeting"":1,""video_format"":null},""participants"":[],""pbx_link"":{""pass"":""xd3hbzmlsc2"",""user"":""wm5p6qrdyq5piim""},""pollingobj"":null,""theme"":""gray""}",wm5p6qrdyq5piim,xd3hbzmlsc2,1
11,quick meeting,{2d135428-492a-4231-8ffa-2eeaa2a3853e},*1010,2023-02-13 17:28:42,1010,"","","","",*1010,,2023-02-13 17:28:42,0,"",0,,,,"{""documentlist"":null,""friendlyname"":null,""logo"":""LOGO:a0e76536aac0e33c4b18741721576fdc"",""meetingid"":""202302130523424f4ca1a9a69b707030db4b1abb29b517"",""meetingprofile"":""0"",""openlink"":""210db8c1594530e30c2949d1a9bf6b2de0793f4e"",""organizer"":{""email"":""craigwyatt321@gmail.com"",""key"":""85RaM6aSGiHUMNynH8DSXaMW"",""moderator"":1,""name"":"""",""pbx_extension"":""1010""},""params"":{""bitrate_data"":0,""bitrate_video"":0,""canchangemedia"":1,""clicktocall"":0,""forcemoderator"":0,""hideparticipants"":0,""mcu"":"""",""meetingduration"":60,""meetingstart"":""2023-02-13 17:28:42"",""meetingtitle"":""quick meeting"",""moderateparticipants"":0,""needorganizer"":1,""note"":"""",""org_properties"":""AVT"",""part_properties"":""AVT"",""privaterooms"":0,""quickmeeting"":1,""video_format"":null},""participants"":[],""pbx_link"":{""pass"":""8jmj7hopri49bnc"",""user"":""5a5ciz2h""},""pollingobj"":null,""theme"":""gray""}",5a5ciz2h,8jmj7hopri49bnc,1
8,quick meeting,{ab81b5bf-b234-48a6-9b03-285661d521fd},*1007,2023-02-13 17:28:20,1007,"","","","",*1007,,2023-02-13 17:28:20,0,"",0,,,,"{""documentlist"":null,""friendlyname"":null,""logo"":""LOGO:a0e76536aac0e33c4b18741721576fdc"",""meetingid"":""20230213052320754720c5b866ca7c88ee9a28875501a0"",""meetingprofile"":""0"",""openlink"":""348db6f33070707ab9775f493c83108fe49af95f"",""organizer"":{""email"":""craigwyatt321@gmail.com"",""key"":""cYG5jRV6yuAi9A_MHJB7yweU"",""moderator"":1,""name"":"""",""pbx_extension"":""1007""},""params"":{""bitrate_data"":0,""bitrate_video"":0,""canchangemedia"":1,""clicktocall"":0,""forcemoderator"":0,""hideparticipants"":0,""mcu"":"""",""meetingduration"":60,""meetingstart"":""2023-02-13 17:28:20"",""meetingtitle"":""quick meeting"",""moderateparticipants"":0,""needorganizer"":1,""note"":"""",""org_properties"":""AVT"",""part_properties"":""AVT"",""privaterooms"":0,""quickmeeting"":1,""video_format"":null},""participants"":[],""pbx_link"":{""pass"":""h2tivljrzhyt05j"",""user"":""bu9pzl3txvia""},""pollingobj"":null,""theme"":""gray""}",bu9pzl3txvia,h2tivljrzhyt05j,1
10,quick meeting,{210301cc-de06-413d-aca6-a622491dcd4b},*1009,2023-02-13 17:28:35,1009,"","","","",*1009,,2023-02-13 17:28:35,0,"",0,,,,"{""documentlist"":null,""friendlyname"":null,""logo"":""LOGO:a0e76536aac0e33c4b18741721576fdc"",""meetingid"":""20230213052335984d4009a21098df990a29a5bed88d01"",""meetingprofile"":""0"",""openlink"":""b891970d522b5ab6697c1f52018740eb9e6168c2"",""organizer"":{""email"":""craigwyatt321@gmail.com"",""key"":""j0zN7MwuHGLquSIVldAK3FQr"",""moderator"":1,""name"":"""",""pbx_extension"":""1009""},""params"":{""bitrate_data"":0,""bitrate_video"":0,""canchangemedia"":1,""clicktocall"":0,""forcemoderator"":0,""hideparticipants"":0,""mcu"":"""",""meetingduration"":60,""meetingstart"":""2023-02-13 17:28:35"",""meetingtitle"":""quick meeting"",""moderateparticipants"":0,""needorganizer"":1,""note"":"""",""org_properties"":""AVT"",""part_properties"":""AVT"",""privaterooms"":0,""quickmeeting"":1,""video_format"":null},""participants"":[],""pbx_link"":{""pass"":""1i5r864w0kx3i9"",""user"":""oy77pbrs2h2ejl0""},""pollingobj"":null,""theme"":""gray""}",oy77pbrs2h2ejl0,1i5r864w0kx3i9,1
