<?xml version="1.0" encoding="utf-8"?>
<!--$RCSfile: 000000000000-directory~.xml,v $  $Revision: 1.3 $ -->
<directory>
  <item_list>
    <item>
      <ln>Pedro Wagner</ln>
      <fn>Duarte</fn>
      <ct>100</ct>
      <rt>0</rt>
      <dc />
      <ad>0</ad>
      <ar>0</ar>
      <bw>1</bw>
      <bb>0</bb>
    </item>
    <item>
      <ln>Yasmim</ln>
      <fn>Lima</fn>
      <ct>900</ct>
      <rt>0</rt>
      <dc />
      <ad>0</ad>
      <ar>0</ar>
      <bw>1</bw>
      <bb>0</bb>
    </item>
    <item>
      <ln>Ana Carolina</ln>
      <fn>Makul</fn>
      <ct>300</ct>
      <rt>0</rt>
      <dc />
      <ad>0</ad>
      <ar>0</ar>
      <bw>1</bw>
      <bb>0</bb>
    </item>
    <item>
      <ln>Ana Beatriz</ln>
      <fn>Moral</fn>
      <ct>400</ct>
      <rt>0</rt>
      <dc />
      <ad>0</ad>
      <ar>0</ar>
      <bw>1</bw>
      <bb>0</bb>
    </item>
    <item>
      <ln>Pedro Henrique</ln>
      <fn>Moral</fn>
      <ct>200</ct>
      <rt>0</rt>
      <dc />
      <ad>0</ad>
      <ar>0</ar>
      <bw>1</bw>
      <bb>0</bb>
    </item>
    <item>
      <ln>Sidmar</ln>
      <fn>Pall</fn>
      <ct>800</ct>
      <rt>0</rt>
      <dc />
      <ad>0</ad>
      <ar>0</ar>
      <bw>1</bw>
      <bb>0</bb>
    </item>
    <item>
      <ln>Mariana</ln>
      <fn>Polido</fn>
      <ct>600</ct>
      <rt>0</rt>
      <dc />
      <ad>0</ad>
      <ar>0</ar>
      <bw>1</bw>
      <bb>0</bb>
    </item>
  </item_list>
</directory>