<?xml version="1.0" encoding="utf-8"?>
<AddressBook>
  <Contact>
    <LastName>Pedro Wagner</LastName>
    <FirstName>Duarte</FirstName>
    <Phone>
      <phonenumber>100</phonenumber>
      <accountindex>0</accountindex>
    </Phone>
  </Contact>
  <Contact>
    <LastName>Yasmim</LastName>
    <FirstName>Lima</FirstName>
    <Phone>
      <phonenumber>900</phonenumber>
      <accountindex>0</accountindex>
    </Phone>
  </Contact>
  <Contact>
    <LastName>Ana Carolina</LastName>
    <FirstName>Makul</FirstName>
    <Phone>
      <phonenumber>300</phonenumber>
      <accountindex>0</accountindex>
    </Phone>
  </Contact>
  <Contact>
    <LastName>Ana Beatriz</LastName>
    <FirstName>Moral</FirstName>
    <Phone>
      <phonenumber>400</phonenumber>
      <accountindex>0</accountindex>
    </Phone>
  </Contact>
  <Contact>
    <LastName>Pedro Henrique</LastName>
    <FirstName>Moral</FirstName>
    <Phone>
      <phonenumber>200</phonenumber>
      <accountindex>0</accountindex>
    </Phone>
  </Contact>
  <Contact>
    <LastName>Sidmar</LastName>
    <FirstName>Pall</FirstName>
    <Phone>
      <phonenumber>800</phonenumber>
      <accountindex>0</accountindex>
    </Phone>
  </Contact>
  <Contact>
    <LastName>Mariana</LastName>
    <FirstName>Polido</FirstName>
    <Phone>
      <phonenumber>600</phonenumber>
      <accountindex>0</accountindex>
    </Phone>
  </Contact>
</AddressBook>