<?xml version="1.0" encoding="utf-8"?>
<tbook complete="true">
  <item context="active" type="colleagues">
    <name>Duarte Pedro Wagner</name>
    <number>100</number>
  </item>
  <item context="active" type="colleagues">
    <name>Lima Yasmim</name>
    <number>900</number>
  </item>
  <item context="active" type="colleagues">
    <name>Makul Ana Carolina</name>
    <number>300</number>
  </item>
  <item context="active" type="colleagues">
    <name>Moral Ana Beatriz</name>
    <number>400</number>
  </item>
  <item context="active" type="colleagues">
    <name>Moral Pedro Henrique</name>
    <number>200</number>
  </item>
  <item context="active" type="colleagues">
    <name>Pall Sidmar</name>
    <number>800</number>
  </item>
  <item context="active" type="colleagues">
    <name>Polido Mariana</name>
    <number>600</number>
  </item>
</tbook>