<?xml version="1.0" encoding="utf-8"?>
<XXXIPPhoneDirectory clearlight="true">
  <Title>Phonelist</Title>
  <Prompt>Prompt</Prompt>
  <DirectoryEntry>
    <Name>Duarte Pedro Wagner</Name>
    <Telephone>100</Telephone>
  </DirectoryEntry>
  <DirectoryEntry>
    <Name>Lima Yasmim</Name>
    <Telephone>900</Telephone>
  </DirectoryEntry>
  <DirectoryEntry>
    <Name>Makul Ana Carolina</Name>
    <Telephone>300</Telephone>
  </DirectoryEntry>
  <DirectoryEntry>
    <Name>Moral Ana Beatriz</Name>
    <Telephone>400</Telephone>
  </DirectoryEntry>
  <DirectoryEntry>
    <Name>Moral Pedro Henrique</Name>
    <Telephone>200</Telephone>
  </DirectoryEntry>
  <DirectoryEntry>
    <Name>Pall Sidmar</Name>
    <Telephone>800</Telephone>
  </DirectoryEntry>
  <DirectoryEntry>
    <Name>Polido Mariana</Name>
    <Telephone>600</Telephone>
  </DirectoryEntry>
</XXXIPPhoneDirectory>