﻿<?xml version="1.0" encoding="utf-8"?>
<Mappings>
    <DNMappings>
        <DN No="*0" ID="1" />
        <DN No="*1" ID="2" />
        <DN No="*777" ID="3" />
        <DN No="*888" ID="4" />
        <DN No="SP0" ID="5" />
        <DN No="SP1" ID="6" />
        <DN No="SP2" ID="7" />
        <DN No="SP3" ID="8" />
        <DN No="SP4" ID="9" />
        <DN No="SP5" ID="10" />
        <DN No="SP6" ID="11" />
        <DN No="SP7" ID="12" />
        <DN No="SP8" ID="13" />
        <DN No="SP9" ID="14" />
        <DN No="SP10" ID="15" />
        <DN No="HOL" ID="16" />
        <DN No="7777" ID="17" />
        <DN No="8888" ID="18" />
        <DN No="3947" ID="19" />
        <DN No="7000" ID="20" />
        <DN No="1000" ID="21" />
        <DN No="90000" ID="22" />
        <DN No="QCB" ID="23" />
        <DN No="GRP2" ID="26" />
        <DN No="1001" ID="27" />
        <DN No="1002" ID="28" />
        <DN No="1003" ID="29" />
        <DN No="1004" ID="30" />
        <DN No="1005" ID="31" />
        <DN No="1006" ID="32" />
        <DN No="1007" ID="33" />
        <DN No="1008" ID="34" />
        <DN No="1009" ID="35" />
        <DN No="1010" ID="36" />
        <DN No="8001" ID="37" />
        <DN No="8000" ID="38" />
        <DN No="10000" ID="40" />
    </DNMappings>
    <GroupMappings>
        <Group Name="__DEFAULT__" ID="26" />
    </GroupMappings>
</Mappings>